,episode,episode_reward,eval_time,mean_episode_reward,best_episode_reward,step
0,0.0,25.642037609207485,14.359988451004028,25.642037609207485,27.19394303871009,0
1,40.0,412.99402185514793,13.485780239105225,412.99402185514793,471.3045891067026,5000
2,80.0,818.032914769369,13.436826705932617,818.0329147693691,853.7317275655573,10000
3,120.0,812.1873514205779,13.41881799697876,812.1873514205779,823.7381466292842,15000
