,episode,episode_reward,eval_time,mean_episode_reward,best_episode_reward,step
0,0.0,0.764003200879704,11.82334280014038,0.764003200879704,0.9456441051784881,0
1,40.0,166.43169650423766,10.551278591156006,166.43169650423766,227.00635188386167,5000
2,80.0,243.84929110264005,4.7075254917144775,243.84929110264005,341.61393512171,10000
3,120.0,347.3745799394208,4.61407732963562,347.37457993942076,392.887375755677,15000
4,160.0,343.79351089175196,4.666293621063232,343.79351089175196,438.99320958460555,20000
5,200.0,345.3731701470021,4.63689398765564,345.3731701470021,428.364289811819,25000
6,240.0,422.37180327044473,10.815777063369751,422.3718032704446,465.1007876523524,30000
7,280.0,414.83591787044287,10.787827253341675,414.835917870443,480.69109983758966,35000
