,episode,episode_reward,eval_time,mean_episode_reward,best_episode_reward,step
0,0.0,0.23156024899560684,12.343047380447388,0.23156024899560687,0.31955387936637647,0
1,40.0,159.60310546504456,11.75081729888916,159.60310546504456,171.47734348230577,5000
