,episode,episode_reward,eval_time,mean_episode_reward,best_episode_reward,step
0,0.0,0.23152868542177338,12.677162170410156,0.23152868542177338,0.32000321116167707,0
