,episode,episode_reward,eval_time,mean_episode_reward,best_episode_reward,step
0,0.0,0.23152868542177338,12.677162170410156,0.23152868542177338,0.32000321116167707,0
1,40.0,187.12339585398644,12.630448341369629,187.12339585398644,274.0650150934167,5000
2,80.0,269.72833773846105,12.666625499725342,269.728337738461,324.1486308806923,10000
3,120.0,324.8880519037363,13.414300203323364,324.88805190373637,385.0572962397287,15000
4,160.0,334.0138910410454,7.364086151123047,334.0138910410454,412.97635393225414,20000
5,200.0,357.8374955021151,7.670642614364624,357.83749550211513,409.72059816824964,25000
6,240.0,374.97756398884803,7.458712339401245,374.97756398884803,416.1160557514656,30000
7,280.0,416.8831270549287,7.0799548625946045,416.8831270549287,452.3074979323694,35000
