,episode,episode_reward,eval_time,mean_episode_reward,best_episode_reward,step
0,0.0,98.6,23.136069297790527,98.6,986.0,0
1,20.0,146.9,22.28003978729248,146.9,960.0,5000
2,40.0,763.0,22.319110870361328,763.0,987.0,10000
3,60.0,928.9,22.361083507537842,928.9,997.0,15000
