,episode,episode_reward,eval_time,mean_episode_reward,best_episode_reward,step
0,0.0,0.23152868542177338,11.12311840057373,0.23152868542177338,0.32000321116167707,0
1,40.0,42.25439593490651,10.469366788864136,42.25439593490651,95.03008042222444,5000
