,episode,episode_reward,eval_time,mean_episode_reward,best_episode_reward,step
0,0.0,0.0,35.40443730354309,0.0,0.0,0
1,10.0,644.3,35.92494750022888,644.3,704.0,5000
2,20.0,817.9,35.85017013549805,817.9,840.0,10000
3,30.0,839.7,35.81334662437439,839.7,852.0,15000
4,40.0,850.7,35.96176791191101,850.7,879.0,20000
