,episode,episode_reward,eval_time,mean_episode_reward,best_episode_reward,step
0,0.0,98.2,19.479631185531616,98.2,395.0,0
1,20.0,196.4,17.35827660560608,196.4,955.0,5000
2,40.0,390.3,17.336227655410767,390.3,980.0,10000
3,60.0,390.8,17.424660205841064,390.8,981.0,15000
4,80.0,538.8,17.340842485427856,538.8,997.0,20000
