,episode,episode_reward,eval_time,mean_episode_reward,best_episode_reward,step
0,0.0,22.074051094353585,42.558876276016235,22.074051094353585,55.1964601541283,0
