,episode_reward,episode,duration,step
0,0.0,1.0,46.09547829627991,500
1,45.447181319925,2.0,2.04361891746521,1000
